Year,Account,AccountReturn
YTD,U6177570,7.827444112
2025,U6177570,-8.702209624
2024,U6177570,20.59588686
2023,U6177570,10.133461117
2022,U6177570,-0.365937663
