Account,MTD,QTD,YTD,1 Year,3 Year,Since Inception
U6252348,0.171132783,0.171132783,0.171132783,6.684195635,13.340807974,10.696116222
