Year,Account,AccountReturn
YTD,U6252348,0.171132783
2025,U6252348,7.883244287
2024,U6252348,3.382843078
2023,U6252348,6.768493742
2022,U6252348,-8.507063084
