Account,MTD,QTD,YTD,1 Year,3 Year,Since Inception
U6177570,7.827444112,7.827444112,7.827444112,-1.089720811,26.352192879,31.391761338
